{
	"pages": [ //pages数组中第一项表示应用启动页，参考：https://uniapp.dcloud.io/collocation/pages
		{
			"path": "pages/main/main",
			"style": {
				"navigationBarTitleText": "",
				"enablePullDownRefresh": true,
				"navigationStyle": "custom"
			}

		}, {
			"path": "pages/browser/browser",
			"style": {
				"navigationBarTitleText": "",
				"navigationStyle": "custom",
				"enablePullDownRefresh": false

			}

		}, {
			"path": "pages/popup/popup",
			"style": {
				"navigationStyle": "custom",
				"navigationBarTitleText": "",
				"enablePullDownRefresh": false,
				"disableScroll": true,
				"app-plus": {
					"animationType": "fade-in",
					"background": "transparent",
					"popGesture": "none",
					"backgroundColorTop": "transparent",
					"titleNView": false,
					"scrollIndicator": false
				}
			}

		}, {
			"path": "pages/hitory/hitory",
			"style": {
				"navigationBarTitleText": "%pages.browser.history%",
				"enablePullDownRefresh": false
			}

		}, {
			"path": "pages/setting/setting",
			"style": {
				"navigationBarTitleText": "",
				"enablePullDownRefresh": false
			}

		}, {
			"path": "pages/web-log/web-log",
			"style": {
				"navigationBarTitleText": "",
				"enablePullDownRefresh": false
			}

		}, {
			"path": "pages/test-webview/test-webview",
			"style": {
				"navigationBarTitleText": "",
				"enablePullDownRefresh": false
			}

		}, {
			"path": "pages/override-resource-log/override-resource-log",
			"style": {
				"navigationBarTitleText": "",
				"enablePullDownRefresh": false
			}

		}, {
			"path": "pages/tools/tools",
			"style": {
				"navigationBarTitleText": "",
				"enablePullDownRefresh": false
			}

		}, {
			"path": "pages/tools/script-edit-tool/script-edit-tool",
			"style": {
				"navigationBarTitleText": "",
				"enablePullDownRefresh": false
			}

		}, {
			"path": "pages/script-list/script-list",
			"style": {
				"navigationBarTitleText": "%pages.script%",
				"enablePullDownRefresh": false
			}

		}, {
			"path": "pages/FM/FM",
			"style": {
				"navigationBarTitleText": "",
				"enablePullDownRefresh": false
			}

		}, {
			"path": "pages/add-bookmark/add-bookmark",
			"style": {
				"navigationBarTitleText": "",
				"enablePullDownRefresh": false
			}

		}, {
			"path": "pages/bookmark/bookmark",
			"style": {

				"navigationBarTitleText": "%pages.bookmark%",
				"enablePullDownRefresh": false
			}

		}, {
			"path": "pages/intercept/intercept",
			"style": {
				"navigationBarTitleText": "%pages.inter.log%",
				"enablePullDownRefresh": false
			}

		}, {
			"path": "pages/videoplayer/videoplayer",
			"style": {
				"navigationStyle": "custom",
				"navigationBarTitleText": "",
				"enablePullDownRefresh": false
			}

		}, {
			"path": "pages/help/help",
			"style": {
				"navigationBarTitleText": "帮助",
				"enablePullDownRefresh": false
			}

		}, {
			"path": "pages/about/about",
			"style": {

				"navigationBarTitleText": "%pages.about%",
				"enablePullDownRefresh": false
			}

		}

		, {
			"path": "pages/ua_set/ua_set",
			"style": {
				"navigationBarTitleText": "",
				"enablePullDownRefresh": false
			}

		}, {
			"path": "pages/intercept/overrideUrl/overrideUrl",
			"style": {
				"navigationBarTitleText": "",
				"enablePullDownRefresh": false
			}

		}, {
			"path": "pages/search/search",
			"style": {
				"navigationBarTitleText": "",
				"enablePullDownRefresh": false,
				"navigationStyle": "custom"
			}

		}, {
			"path": "pages/online_script/online_script",
			"style": {
				"navigationBarTitleText": "",
				"enablePullDownRefresh": false
			}

		}, {
			"path": "pages/overrideUrl/overrideUrl",
			"style": {
				"navigationBarTitleText": "",
				"enablePullDownRefresh": false
			}

		}, {
			"path": "pages/main/setting_in_main/setting_in_main",
			"style": {
				"navigationBarTitleText": "",
				"enablePullDownRefresh": false,
				"navigationStyle": "custom"
			}

		},
		{
			"path": "uni_modules/uni-upgrade-center-app/pages/upgrade-popup",
			"style": {
				"disableScroll": true,
				"app-plus": {
					"backgroundColorTop": "transparent",
					"background": "transparent",
					"titleNView": false,
					"scrollIndicator": false,
					"popGesture": "none",
					"animationType": "fade-in",
					"animationDuration": 200

				}
			}
		}
	    ,{
            "path" : "pages/privacy/privacy",
            "style" :                                                                                    
            {
                "navigationBarTitleText": "",
                "enablePullDownRefresh": false
            }
            
        }
        ,{
            "path" : "pages/download/download",
            "style" :                                                                                    
            {
                "navigationBarTitleText": "下载管理",
                "enablePullDownRefresh": false
            }
            
        }
        ,{
            "path" : "pages/website-info/website-info",
            "style" :                                                                                    
            {
                "navigationBarTitleText": "网站信息",
                "enablePullDownRefresh": false,
				"navigationStyle": "custom"
            }
            
        }
    ],
	"globalStyle": {
		"navigationBarTextStyle": "black",
		"navigationBarTitleText": "uni-app",
		"navigationBarBackgroundColor": "#F8F8F8",
		"backgroundColor": "#F8F8F8"
	}
}
